"","image","race","gender","age","age_cat"
"1","AF-200","A","F",33,"2"
"2","AF-201","A","F",24,"1"
"3","AF-202","A","F",24,"1"
"4","AF-203","A","F",23,"1"
"5","AF-204","A","F",30,"2"
"6","AF-205","A","F",27,"2"
"7","AF-206","A","F",27,"2"
"8","AF-207","A","F",28,"2"
"9","AF-208","A","F",29,"2"
"10","AF-209","A","F",23,"1"
"11","AF-210","A","F",24,"1"
"12","AF-211","A","F",22,"1"
"13","AF-212","A","F",24,"1"
"14","AF-213","A","F",40,"3"
"15","AF-214","A","F",27,"2"
"16","AF-215","A","F",30,"2"
"17","AF-216","A","F",26,"2"
"18","AF-217","A","F",20,"1"
"19","AF-218","A","F",24,"1"
"20","AF-219","A","F",25,"2"
"21","AF-220","A","F",25,"2"
"22","AF-221","A","F",26,"2"
"23","AF-222","A","F",25,"2"
"24","AF-223","A","F",45,"3"
"25","AF-224","A","F",29,"2"
"26","AF-225","A","F",22,"1"
"27","AF-226","A","F",29,"2"
"28","AF-227","A","F",27,"2"
"29","AF-228","A","F",25,"2"
"30","AF-229","A","F",26,"2"
"31","AF-230","A","F",24,"1"
"32","AF-231","A","F",47,"3"
"33","AF-232","A","F",30,"2"
"34","AF-233","A","F",22,"1"
"35","AF-234","A","F",24,"1"
"36","AF-235","A","F",24,"1"
"37","AF-236","A","F",38,"3"
"38","AF-237","A","F",31,"2"
"39","AF-238","A","F",38,"3"
"40","AF-239","A","F",28,"2"
"41","AF-240","A","F",27,"2"
"42","AF-241","A","F",32,"2"
"43","AF-242","A","F",27,"2"
"44","AF-243","A","F",27,"2"
"45","AF-244","A","F",29,"2"
"46","AF-245","A","F",30,"2"
"47","AF-246","A","F",25,"2"
"48","AF-247","A","F",26,"2"
"49","AF-248","A","F",34,"2"
"50","AF-249","A","F",26,"2"
"51","AF-250","A","F",25,"2"
"52","AF-251","A","F",23,"1"
"53","AF-252","A","F",22,"1"
"54","AF-253","A","F",26,"2"
"55","AF-254","A","F",37,"3"
"56","AF-255","A","F",26,"2"
"57","AF-256","A","F",24,"1"
"58","AM-201","A","M",24,"1"
"59","AM-202","A","M",26,"2"
"60","AM-203","A","M",27,"2"
"61","AM-204","A","M",24,"1"
"62","AM-205","A","M",35,"2"
"63","AM-206","A","M",27,"2"
"64","AM-207","A","M",26,"2"
"65","AM-208","A","M",23,"1"
"66","AM-209","A","M",28,"2"
"67","AM-210","A","M",21,"1"
"68","AM-211","A","M",26,"2"
"69","AM-212","A","M",26,"2"
"70","AM-213","A","M",28,"2"
"71","AM-214","A","M",29,"2"
"72","AM-215","A","M",56,"3"
"73","AM-216","A","M",28,"2"
"74","AM-217","A","M",43,"3"
"75","AM-218","A","M",34,"2"
"76","AM-219","A","M",37,"3"
"77","AM-220","A","M",24,"1"
"78","AM-221","A","M",24,"1"
"79","AM-223","A","M",22,"1"
"80","AM-224","A","M",29,"2"
"81","AM-225","A","M",25,"2"
"82","AM-226","A","M",47,"3"
"83","AM-227","A","M",41,"3"
"84","AM-228","A","M",25,"2"
"85","AM-229","A","M",25,"2"
"86","AM-230","A","M",29,"2"
"87","AM-231","A","M",27,"2"
"88","AM-232","A","M",27,"2"
"89","AM-233","A","M",41,"3"
"90","AM-234","A","M",27,"2"
"91","AM-235","A","M",35,"2"
"92","AM-236","A","M",32,"2"
"93","AM-237","A","M",29,"2"
"94","AM-238","A","M",27,"2"
"95","AM-239","A","M",36,"3"
"96","AM-240","A","M",34,"2"
"97","AM-241","A","M",37,"3"
"98","AM-242","A","M",29,"2"
"99","AM-243","A","M",24,"1"
"100","AM-244","A","M",26,"2"
"101","AM-245","A","M",26,"2"
"102","AM-246","A","M",29,"2"
"103","AM-247","A","M",36,"3"
"104","AM-248","A","M",34,"2"
"105","AM-249","A","M",24,"1"
"106","AM-250","A","M",26,"2"
"107","AM-251","A","M",29,"2"
"108","AM-252","A","M",23,"1"
"109","AM-253","A","M",25,"2"
"110","BF-001","B","F",28,"2"
"111","BF-002","B","F",21,"1"
"112","BF-003","B","F",26,"2"
"113","BF-004","B","F",27,"2"
"114","BF-005","B","F",28,"2"
"115","BF-006","B","F",28,"2"
"116","BF-007","B","F",31,"2"
"117","BF-008","B","F",25,"2"
"118","BF-009","B","F",30,"2"
"119","BF-010","B","F",29,"2"
"120","BF-011","B","F",29,"2"
"121","BF-012","B","F",27,"2"
"122","BF-013","B","F",18,"1"
"123","BF-014","B","F",27,"2"
"124","BF-015","B","F",30,"2"
"125","BF-016","B","F",27,"2"
"126","BF-017","B","F",34,"2"
"127","BF-018","B","F",27,"2"
"128","BF-019","B","F",30,"2"
"129","BF-020","B","F",26,"2"
"130","BF-021","B","F",26,"2"
"131","BF-023","B","F",31,"2"
"132","BF-024","B","F",36,"3"
"133","BF-025","B","F",25,"2"
"134","BF-027","B","F",38,"3"
"135","BF-028","B","F",23,"1"
"136","BF-029","B","F",23,"1"
"137","BF-030","B","F",23,"1"
"138","BF-031","B","F",26,"2"
"139","BF-032","B","F",30,"2"
"140","BF-033","B","F",29,"2"
"141","BF-034","B","F",26,"2"
"142","BF-035","B","F",19,"1"
"143","BF-036","B","F",23,"1"
"144","BF-037","B","F",25,"2"
"145","BF-038","B","F",26,"2"
"146","BF-039","B","F",25,"2"
"147","BF-040","B","F",21,"1"
"148","BF-041","B","F",18,"1"
"149","BF-042","B","F",21,"1"
"150","BF-043","B","F",24,"1"
"151","BF-044","B","F",26,"2"
"152","BF-045","B","F",23,"1"
"153","BF-047","B","F",34,"2"
"154","BF-048","B","F",31,"2"
"155","BF-049","B","F",21,"1"
"156","BF-050","B","F",22,"1"
"157","BF-051","B","F",33,"2"
"158","BF-200","B","F",31,"2"
"159","BF-201","B","F",27,"2"
"160","BF-202","B","F",38,"3"
"161","BF-203","B","F",48,"3"
"162","BF-204","B","F",32,"2"
"163","BF-205","B","F",29,"2"
"164","BF-206","B","F",32,"2"
"165","BF-207","B","F",23,"1"
"166","BF-208","B","F",26,"2"
"167","BF-209","B","F",27,"2"
"168","BF-210","B","F",24,"1"
"169","BF-211","B","F",52,"3"
"170","BF-212","B","F",29,"2"
"171","BF-213","B","F",36,"3"
"172","BF-214","B","F",33,"2"
"173","BF-215","B","F",32,"2"
"174","BF-216","B","F",25,"2"
"175","BF-217","B","F",30,"2"
"176","BF-218","B","F",30,"2"
"177","BF-219","B","F",37,"3"
"178","BF-220","B","F",33,"2"
"179","BF-221","B","F",27,"2"
"180","BF-222","B","F",26,"2"
"181","BF-223","B","F",27,"2"
"182","BF-224","B","F",42,"3"
"183","BF-225","B","F",42,"3"
"184","BF-226","B","F",29,"2"
"185","BF-227","B","F",36,"3"
"186","BF-228","B","F",36,"3"
"187","BF-229","B","F",31,"2"
"188","BF-230","B","F",32,"2"
"189","BF-231","B","F",40,"3"
"190","BF-232","B","F",27,"2"
"191","BF-233","B","F",29,"2"
"192","BF-234","B","F",47,"3"
"193","BF-235","B","F",30,"2"
"194","BF-236","B","F",48,"3"
"195","BF-237","B","F",33,"2"
"196","BF-238","B","F",46,"3"
"197","BF-239","B","F",30,"2"
"198","BF-240","B","F",24,"1"
"199","BF-241","B","F",25,"2"
"200","BF-242","B","F",28,"2"
"201","BF-243","B","F",31,"2"
"202","BF-244","B","F",29,"2"
"203","BF-245","B","F",35,"2"
"204","BF-246","B","F",39,"3"
"205","BF-247","B","F",25,"2"
"206","BF-248","B","F",39,"3"
"207","BF-249","B","F",30,"2"
"208","BF-250","B","F",31,"2"
"209","BF-251","B","F",38,"3"
"210","BF-252","B","F",38,"3"
"211","BF-253","B","F",30,"2"
"212","BF-254","B","F",41,"3"
"213","BF-255","B","F",32,"2"
"214","BM-001","B","M",26,"2"
"215","BM-002","B","M",25,"2"
"216","BM-003","B","M",24,"1"
"217","BM-004","B","M",35,"2"
"218","BM-005","B","M",25,"2"
"219","BM-009","B","M",18,"1"
"220","BM-010","B","M",22,"1"
"221","BM-011","B","M",29,"2"
"222","BM-012","B","M",36,"3"
"223","BM-013","B","M",23,"1"
"224","BM-015","B","M",28,"2"
"225","BM-016","B","M",25,"2"
"226","BM-017","B","M",33,"2"
"227","BM-018","B","M",29,"2"
"228","BM-019","B","M",22,"1"
"229","BM-020","B","M",35,"2"
"230","BM-021","B","M",37,"3"
"231","BM-022","B","M",33,"2"
"232","BM-023","B","M",23,"1"
"233","BM-024","B","M",22,"1"
"234","BM-025","B","M",38,"3"
"235","BM-026","B","M",27,"2"
"236","BM-027","B","M",24,"1"
"237","BM-028","B","M",24,"1"
"238","BM-029","B","M",30,"2"
"239","BM-030","B","M",25,"2"
"240","BM-031","B","M",23,"1"
"241","BM-032","B","M",35,"2"
"242","BM-033","B","M",39,"3"
"243","BM-034","B","M",41,"3"
"244","BM-036","B","M",21,"1"
"245","BM-037","B","M",21,"1"
"246","BM-038","B","M",35,"2"
"247","BM-039","B","M",25,"2"
"248","BM-040","B","M",27,"2"
"249","BM-041","B","M",30,"2"
"250","BM-043","B","M",25,"2"
"251","BM-044","B","M",37,"3"
"252","BM-045","B","M",22,"1"
"253","BM-046","B","M",22,"1"
"254","BM-200","B","M",26,"2"
"255","BM-201","B","M",18,"1"
"256","BM-202","B","M",30,"2"
"257","BM-203","B","M",27,"2"
"258","BM-204","B","M",25,"2"
"259","BM-205","B","M",28,"2"
"260","BM-206","B","M",37,"3"
"261","BM-207","B","M",24,"1"
"262","BM-208","B","M",30,"2"
"263","BM-209","B","M",36,"3"
"264","BM-210","B","M",29,"2"
"265","BM-211","B","M",32,"2"
"266","BM-212","B","M",41,"3"
"267","BM-213","B","M",40,"3"
"268","BM-214","B","M",27,"2"
"269","BM-215","B","M",22,"1"
"270","BM-216","B","M",30,"2"
"271","BM-217","B","M",25,"2"
"272","BM-218","B","M",41,"3"
"273","BM-219","B","M",24,"1"
"274","BM-221","B","M",37,"3"
"275","BM-222","B","M",36,"3"
"276","BM-223","B","M",34,"2"
"277","BM-224","B","M",36,"3"
"278","BM-225","B","M",47,"3"
"279","BM-226","B","M",22,"1"
"280","BM-227","B","M",25,"2"
"281","BM-228","B","M",39,"3"
"282","BM-229","B","M",28,"2"
"283","BM-230","B","M",38,"3"
"284","BM-231","B","M",32,"2"
"285","BM-232","B","M",31,"2"
"286","BM-233","B","M",37,"3"
"287","BM-234","B","M",36,"3"
"288","BM-235","B","M",29,"2"
"289","BM-236","B","M",38,"3"
"290","BM-237","B","M",26,"2"
"291","BM-238","B","M",24,"1"
"292","BM-239","B","M",20,"1"
"293","BM-240","B","M",25,"2"
"294","BM-241","B","M",34,"2"
"295","BM-242","B","M",32,"2"
"296","BM-243","B","M",41,"3"
"297","BM-244","B","M",47,"3"
"298","BM-245","B","M",44,"3"
"299","BM-246","B","M",27,"2"
"300","BM-247","B","M",22,"1"
"301","BM-248","B","M",20,"1"
"302","BM-249","B","M",19,"1"
"303","BM-250","B","M",35,"2"
"304","BM-251","B","M",33,"2"
"305","BM-252","B","M",37,"3"
"306","BM-253","B","M",32,"2"
"307","LF-200","L","F",29,"2"
"308","LF-201","L","F",27,"2"
"309","LF-202","L","F",30,"2"
"310","LF-203","L","F",23,"1"
"311","LF-204","L","F",32,"2"
"312","LF-205","L","F",32,"2"
"313","LF-206","L","F",26,"2"
"314","LF-207","L","F",26,"2"
"315","LF-208","L","F",25,"2"
"316","LF-209","L","F",22,"1"
"317","LF-210","L","F",25,"2"
"318","LF-211","L","F",22,"1"
"319","LF-212","L","F",27,"2"
"320","LF-213","L","F",26,"2"
"321","LF-214","L","F",29,"2"
"322","LF-215","L","F",25,"2"
"323","LF-216","L","F",25,"2"
"324","LF-217","L","F",27,"2"
"325","LF-218","L","F",26,"2"
"326","LF-219","L","F",25,"2"
"327","LF-220","L","F",22,"1"
"328","LF-221","L","F",26,"2"
"329","LF-222","L","F",28,"2"
"330","LF-223","L","F",28,"2"
"331","LF-224","L","F",32,"2"
"332","LF-225","L","F",25,"2"
"333","LF-226","L","F",25,"2"
"334","LF-227","L","F",21,"1"
"335","LF-228","L","F",25,"2"
"336","LF-229","L","F",26,"2"
"337","LF-230","L","F",25,"2"
"338","LF-231","L","F",30,"2"
"339","LF-232","L","F",25,"2"
"340","LF-233","L","F",48,"3"
"341","LF-234","L","F",26,"2"
"342","LF-235","L","F",25,"2"
"343","LF-236","L","F",24,"1"
"344","LF-237","L","F",30,"2"
"345","LF-238","L","F",42,"3"
"346","LF-239","L","F",27,"2"
"347","LF-240","L","F",43,"3"
"348","LF-241","L","F",30,"2"
"349","LF-242","L","F",23,"1"
"350","LF-243","L","F",25,"2"
"351","LF-244","L","F",25,"2"
"352","LF-245","L","F",33,"2"
"353","LF-246","L","F",31,"2"
"354","LF-247","L","F",29,"2"
"355","LF-248","L","F",32,"2"
"356","LF-249","L","F",29,"2"
"357","LF-250","L","F",29,"2"
"358","LF-251","L","F",30,"2"
"359","LF-252","L","F",28,"2"
"360","LF-253","L","F",27,"2"
"361","LF-254","L","F",22,"1"
"362","LF-255","L","F",25,"2"
"363","LM-200","L","M",26,"2"
"364","LM-201","L","M",31,"2"
"365","LM-202","L","M",35,"2"
"366","LM-203","L","M",44,"3"
"367","LM-204","L","M",40,"3"
"368","LM-206","L","M",23,"1"
"369","LM-207","L","M",20,"1"
"370","LM-208","L","M",25,"2"
"371","LM-209","L","M",22,"1"
"372","LM-210","L","M",29,"2"
"373","LM-211","L","M",19,"1"
"374","LM-212","L","M",23,"1"
"375","LM-213","L","M",30,"2"
"376","LM-214","L","M",28,"2"
"377","LM-215","L","M",38,"3"
"378","LM-216","L","M",23,"1"
"379","LM-217","L","M",33,"2"
"380","LM-218","L","M",31,"2"
"381","LM-219","L","M",27,"2"
"382","LM-220","L","M",31,"2"
"383","LM-221","L","M",35,"2"
"384","LM-222","L","M",44,"3"
"385","LM-223","L","M",29,"2"
"386","LM-224","L","M",27,"2"
"387","LM-225","L","M",25,"2"
"388","LM-226","L","M",37,"3"
"389","LM-227","L","M",32,"2"
"390","LM-228","L","M",36,"3"
"391","LM-229","L","M",38,"3"
"392","LM-230","L","M",38,"3"
"393","LM-231","L","M",28,"2"
"394","LM-232","L","M",32,"2"
"395","LM-233","L","M",33,"2"
"396","LM-234","L","M",31,"2"
"397","LM-235","L","M",32,"2"
"398","LM-236","L","M",44,"3"
"399","LM-237","L","M",50,"3"
"400","LM-238","L","M",27,"2"
"401","LM-239","L","M",28,"2"
"402","LM-240","L","M",36,"3"
"403","LM-241","L","M",26,"2"
"404","LM-242","L","M",21,"1"
"405","LM-243","L","M",22,"1"
"406","LM-244","L","M",24,"1"
"407","LM-246","L","M",29,"2"
"408","LM-247","L","M",25,"2"
"409","LM-248","L","M",25,"2"
"410","LM-249","L","M",22,"1"
"411","LM-250","L","M",23,"1"
"412","LM-251","L","M",26,"2"
"413","LM-252","L","M",29,"2"
"414","LM-253","L","M",28,"2"
"415","WF-001","W","F",25,"2"
"416","WF-002","W","F",30,"2"
"417","WF-003","W","F",27,"2"
"418","WF-005","W","F",22,"1"
"419","WF-006","W","F",24,"1"
"420","WF-007","W","F",22,"1"
"421","WF-008","W","F",30,"2"
"422","WF-009","W","F",23,"1"
"423","WF-010","W","F",26,"2"
"424","WF-011","W","F",24,"1"
"425","WF-012","W","F",23,"1"
"426","WF-013","W","F",26,"2"
"427","WF-014","W","F",36,"3"
"428","WF-015","W","F",24,"1"
"429","WF-016","W","F",25,"2"
"430","WF-017","W","F",23,"1"
"431","WF-018","W","F",34,"2"
"432","WF-019","W","F",28,"2"
"433","WF-020","W","F",26,"2"
"434","WF-021","W","F",26,"2"
"435","WF-022","W","F",20,"1"
"436","WF-023","W","F",33,"2"
"437","WF-024","W","F",24,"1"
"438","WF-025","W","F",28,"2"
"439","WF-026","W","F",37,"3"
"440","WF-027","W","F",21,"1"
"441","WF-028","W","F",27,"2"
"442","WF-029","W","F",24,"1"
"443","WF-030","W","F",24,"1"
"444","WF-031","W","F",23,"1"
"445","WF-033","W","F",32,"2"
"446","WF-034","W","F",28,"2"
"447","WF-035","W","F",25,"2"
"448","WF-036","W","F",23,"1"
"449","WF-037","W","F",24,"1"
"450","WF-038","W","F",29,"2"
"451","WF-039","W","F",24,"1"
"452","WF-200","W","F",33,"2"
"453","WF-201","W","F",27,"2"
"454","WF-202","W","F",28,"2"
"455","WF-203","W","F",24,"1"
"456","WF-204","W","F",25,"2"
"457","WF-205","W","F",28,"2"
"458","WF-206","W","F",28,"2"
"459","WF-207","W","F",25,"2"
"460","WF-208","W","F",26,"2"
"461","WF-209","W","F",28,"2"
"462","WF-210","W","F",27,"2"
"463","WF-211","W","F",22,"1"
"464","WF-212","W","F",23,"1"
"465","WF-213","W","F",26,"2"
"466","WF-214","W","F",28,"2"
"467","WF-215","W","F",31,"2"
"468","WF-216","W","F",39,"3"
"469","WF-217","W","F",33,"2"
"470","WF-218","W","F",29,"2"
"471","WF-219","W","F",25,"2"
"472","WF-220","W","F",24,"1"
"473","WF-221","W","F",42,"3"
"474","WF-222","W","F",39,"3"
"475","WF-223","W","F",23,"1"
"476","WF-224","W","F",31,"2"
"477","WF-225","W","F",26,"2"
"478","WF-226","W","F",32,"2"
"479","WF-227","W","F",27,"2"
"480","WF-228","W","F",36,"3"
"481","WF-229","W","F",23,"1"
"482","WF-230","W","F",23,"1"
"483","WF-231","W","F",26,"2"
"484","WF-232","W","F",25,"2"
"485","WF-233","W","F",23,"1"
"486","WF-234","W","F",23,"1"
"487","WF-235","W","F",30,"2"
"488","WF-236","W","F",26,"2"
"489","WF-237","W","F",40,"3"
"490","WF-238","W","F",25,"2"
"491","WF-239","W","F",27,"2"
"492","WF-240","W","F",45,"3"
"493","WF-241","W","F",33,"2"
"494","WF-242","W","F",27,"2"
"495","WF-243","W","F",26,"2"
"496","WF-244","W","F",27,"2"
"497","WF-245","W","F",36,"3"
"498","WF-246","W","F",43,"3"
"499","WF-247","W","F",26,"2"
"500","WF-248","W","F",29,"2"
"501","WF-249","W","F",29,"2"
"502","WF-250","W","F",37,"3"
"503","WF-251","W","F",50,"3"
"504","WF-252","W","F",26,"2"
"505","WM-001","W","M",17,"1"
"506","WM-002","W","M",30,"2"
"507","WM-003","W","M",23,"1"
"508","WM-004","W","M",26,"2"
"509","WM-006","W","M",26,"2"
"510","WM-009","W","M",24,"1"
"511","WM-010","W","M",27,"2"
"512","WM-011","W","M",31,"2"
"513","WM-012","W","M",32,"2"
"514","WM-013","W","M",32,"2"
"515","WM-014","W","M",34,"2"
"516","WM-015","W","M",23,"1"
"517","WM-016","W","M",30,"2"
"518","WM-017","W","M",24,"1"
"519","WM-018","W","M",36,"3"
"520","WM-019","W","M",25,"2"
"521","WM-020","W","M",35,"2"
"522","WM-021","W","M",29,"2"
"523","WM-022","W","M",29,"2"
"524","WM-023","W","M",38,"3"
"525","WM-024","W","M",21,"1"
"526","WM-025","W","M",21,"1"
"527","WM-026","W","M",26,"2"
"528","WM-028","W","M",25,"2"
"529","WM-029","W","M",29,"2"
"530","WM-031","W","M",22,"1"
"531","WM-032","W","M",25,"2"
"532","WM-033","W","M",27,"2"
"533","WM-034","W","M",23,"1"
"534","WM-035","W","M",21,"1"
"535","WM-036","W","M",23,"1"
"536","WM-037","W","M",18,"1"
"537","WM-038","W","M",26,"2"
"538","WM-039","W","M",19,"1"
"539","WM-040","W","M",25,"2"
"540","WM-041","W","M",25,"2"
"541","WM-200","W","M",20,"1"
"542","WM-201","W","M",39,"3"
"543","WM-202","W","M",22,"1"
"544","WM-203","W","M",29,"2"
"545","WM-204","W","M",35,"2"
"546","WM-205","W","M",29,"2"
"547","WM-206","W","M",23,"1"
"548","WM-207","W","M",27,"2"
"549","WM-208","W","M",26,"2"
"550","WM-209","W","M",20,"1"
"551","WM-210","W","M",22,"1"
"552","WM-211","W","M",28,"2"
"553","WM-212","W","M",30,"2"
"554","WM-213","W","M",26,"2"
"555","WM-214","W","M",25,"2"
"556","WM-215","W","M",29,"2"
"557","WM-216","W","M",31,"2"
"558","WM-217","W","M",19,"1"
"559","WM-218","W","M",26,"2"
"560","WM-219","W","M",22,"1"
"561","WM-220","W","M",37,"3"
"562","WM-221","W","M",41,"3"
"563","WM-222","W","M",33,"2"
"564","WM-223","W","M",43,"3"
"565","WM-224","W","M",26,"2"
"566","WM-225","W","M",37,"3"
"567","WM-227","W","M",26,"2"
"568","WM-228","W","M",31,"2"
"569","WM-229","W","M",25,"2"
"570","WM-230","W","M",22,"1"
"571","WM-231","W","M",21,"1"
"572","WM-232","W","M",23,"1"
"573","WM-233","W","M",33,"2"
"574","WM-234","W","M",23,"1"
"575","WM-235","W","M",21,"1"
"576","WM-236","W","M",21,"1"
"577","WM-237","W","M",29,"2"
"578","WM-238","W","M",25,"2"
"579","WM-239","W","M",18,"1"
"580","WM-240","W","M",34,"2"
"581","WM-241","W","M",34,"2"
"582","WM-242","W","M",23,"1"
"583","WM-243","W","M",31,"2"
"584","WM-244","W","M",31,"2"
"585","WM-245","W","M",26,"2"
"586","WM-247","W","M",26,"2"
"587","WM-248","W","M",42,"3"
"588","WM-249","W","M",43,"3"
"589","WM-250","W","M",21,"1"
"590","WM-251","W","M",28,"2"
"591","WM-252","W","M",33,"2"
"592","WM-253","W","M",24,"1"
"593","WM-254","W","M",30,"2"
"594","WM-255","W","M",34,"2"
"595","WM-256","W","M",31,"2"
"596","WM-257","W","M",30,"2"
"597","WM-258","W","M",38,"3"
